{
    "mac_1502_face_time": {
        "camera_matrix": [
            [
                1174.9851795190377,
                0.0,
                783.0096172801212
            ],
            [
                0.0,
                1166.439098400477,
                326.8306575312481
            ],
            [
                0.0,
                0.0,
                1.0
            ]
        ],
        "dist_coeff": [
            [
                0.21720926216718542,
                -1.4591080975401685,
                0.017469669624858256,
                0.05045544905631839,
                2.1787658577681994
            ]
        ]
    }
}